{"cameraMode":{"drawMode":0,"name":"Shaded","section":"Shading Mode"},"sceneLighting":false,"audioPlay":false,"sceneViewState":{"showFog":true,"showMaterialUpdate":false,"showSkybox":false,"showFlares":true,"showImageEffects":true,"showParticleSystems":true},"in2DMode":false,"pivot":{"x":0.8149999976158142,"y":0.3100000023841858,"z":-1.1990000009536744},"rotation":{"x":-0.20000314712524415,"y":-0.127459317445755,"z":0.026247045025229455,"w":-0.9711219072341919},"size":0.285788357257843,"orthographic":false}