{"cameraMode":{"drawMode":0,"name":"Shaded","section":"Shading Mode"},"sceneLighting":false,"audioPlay":false,"sceneViewState":{"showFog":true,"showMaterialUpdate":false,"showSkybox":true,"showFlares":true,"showImageEffects":true,"showParticleSystems":true},"in2DMode":false,"pivot":{"x":60.528289794921878,"y":3.845743179321289,"z":32.31892776489258},"rotation":{"x":0.023227443918585779,"y":0.9756280779838562,"z":-0.17724093794822694,"w":0.1277366727590561},"size":5.328160285949707,"orthographic":false}